{
    "id": 0,
    "name": "Campus 2 - Testes Reais",
    "geo_home": [
        -47.933722,
        -22.002521,
        0
    ],
    "bases":[
        {
            "id": 0,
            "name": "base_1",
            "geo_points": [
                [
                   -47.934242,
                   -22.001377,
                   0
                ],
                [
                    -47.934191,
                    -22.001277,
                    0
                ],
                [
                    -47.934083,
                    -22.001319,
                    0
                ],
                [
                    -47.934128,
                    -22.001397,
                    0
                ]

            ],
            "center": [
                -47.934152,
                -22.001333,
                0
            ]
        },
        {
            "id": 1,
            "name": "base_2",
            "geo_points": [
                [
                   -47.930859,
                   -22.003189,
                   0
                ],
                [
                    -47.930841,
                    -22.003095,
                    0
                ],
                [
                    -47.930727,
                    -22.003132,
                    0
                ],
                [
                    -47.933534,
                    -22.000424,
                    0
                ]

            ],
            "center": [
                -47.930773,
                -22.003152,
                0
            ]
        },
        {
            "id": 2,
            "name": "base_3",
            "geo_points": [
                [
                     -47.933129,
                     -22.002261,
                     0
                ],
                [
                    -47.933135,
                    -22.002183,
                    0
                ],
                [
                    -47.933039,
                    -22.002194,
                    0
                ],
                [
                    -47.933031,
                    -22.002269,
                    0
                ]

            ],
            "center": [
                -47.933087,
                -22.002247,
                0
            ]
        }

    ],
    "roi":[
        {
            "id": 0,
            "name": "region_1",
            "geo_points": [
                [
                   -47.934434,
                   -22.002460,
                   0
                ],
                [
                    -47.934131,
                    -22.001490,
                    0
                ],
                [
                    -47.933426,
                    -22.001784,
                    0
                ],
                [
                    -47.933484,
                    -22.002667,
                    0
                ]

            ],
            "center": [
                -47.933902,
                -22.002171,
                0
            ]
        },
        {
            "id": 1,
            "name": "region_2",
            "geo_points": [
                [
                   -47.933434,
                   -22.001551,
                   0
                ],
                [
                    -47.933043,
                    -22.000985,
                    0
                ],
                [
                    -47.932569,
                    -22.001165,
                    0
                ],
                [
                    -47.932716,
                    -22.001486,
                    0
                ]

            ],
            "center": [
                -47.932922,
                -22.001310,
                0
            ]
        },
        {
            "id": 2,
            "name": "region_3",
            "geo_points": [
                [
                   -47.932852,
                   -22.002434,
                   0
                ],
                [
                    -47.932951,
                    -22.001772,
                    0
                ],
                [
                    -47.932397,
                    -22.001639,
                    0
                ],
                [
                    -47.932185,
                    -22.002190,
                    0
                ]

            ],
            "center": [
                -47.932541,
                -22.002011,
                0
            ]
        },
        {
            "id": 3,
            "name": "region_4",
            "geo_points": [
                [
                   -47.933184,
                   -22.002721,
                   0
                ],
                [
                    -47.933116,
                    -22.002640,
                    0
                ],
                [
                    -47.932891,
                    -22.002586,
                    0
                ],
                [
                    -47.932864,
                    -22.002726,
                    0
                ]

            ],
            "center": [
                -47.932960,
                -22.002666,
                0

            ]
        },
        {
            "id": 4,
            "name": "region_5",
            "geo_points": [
                [
                   -47.931971,
                   -22.002810,
                   0
                ],
                [
                    -47.931683,
                    -22.002344,
                    0
                ],
                [
                    -47.931393,
                    -22.002400,
                    0
                ],
                [
                    -47.931695,
                    -22.002824,
                    0
                ]

            ],
            "center": [
                -47.931665,
                -22.002582,
                0
            ]
        },
        {
            "id": 5,
            "name": "region_6",
            "geo_points": [
                [
                   -47.931167,
                   -22.002983,
                   0
                ],
                [
                    -47.930603,
                    -22.002380,
                    0
                ],
                [
                    -47.930461,
                    -22.002467,
                    0
                ],
                [
                    -47.930797,
                    -22.003060,
                    0
                ]

            ],
            "center": [
                -47.930791,
                -22.002725,
                0

            ]
        }

    ],
    "nfz": [
        {
            "id": 1,
            "name": "containers",
            "geo_points": [
                [
                    -47.933269,
                    -22.002604,
                    0
                ],
                [
                    -47.933349,
                    -22.002319,
                    0
                ],
                [
                    -47.933028,
                    -22.002236,
                    0
                ],
                [
                    -47.932944,
                    -22.002504,
                    0
                ]

            ],
            "center": [
                -47.933123,
                -22.002416,
                0
            ]
        },
        {
            "id": 2,
            "name": "eng_comp",
            "geo_points": [
                [
                    -47.932802,
                    -22.002444,
                    0
                ],
                [
                    -47.932089,
                    -22.002261,
                    0
                ],
                [
                    -47.931833,
                    -22.002319,
                    0
                ],
                [
                    -47.932213,
                    -22.002838,
                    0
                ]

            ],